variable,count,mean,std,min,25%,50%,75%,max,original
dummy1,1000.0,-0.0008200081675088636,0.01112883087794161,-0.0372687662908504,-0.008309750491145726,-0.0005284132988201,0.006679122193124125,0.0294782978403898,-0.0089199330966325
dummy2,1000.0,-0.0003116991493460365,0.011733010644110026,-0.0419836040381866,-0.0085486469935037,-0.00043899620844439996,0.007415201211382574,0.0341202279225001,-0.003590889740515
x1,1000.0,0.08075750177669568,3.1546529754133195,-7.763130591444164,-2.0717190076776544,0.0598614043717461,2.048162436988139,28.203833030739933,28.203833030739933
x2,1000.0,0.30899807861685025,8.093552125888037,-22.98635363427743,-5.228092607502122,-0.1979329777520915,5.622627409854806,75.04976094456453,75.04976094456453
x3,1000.0,0.08725743190273308,1.8864675935849617,-5.776460207169102,-1.2344596789586477,0.06271592997527539,1.3002889740929904,17.75429714567562,17.75429714567562
